This file stores daily commit logs
🌱 Commit on Fri Jul  4 06:22:44 UTC 2025
🌱 Commit on Fri Jul  4 09:11:23 UTC 2025
🌱 Commit on Sat Jul  5 06:28:12 UTC 2025
🌱 Commit on Sun Jul  6 06:04:22 UTC 2025
🌱 Commit on Mon Jul  7 04:42:57 UTC 2025
🌱 Commit on Tue Jul  8 06:23:20 UTC 2025
🌱 Commit on Wed Jul  9 04:33:01 UTC 2025
🌱 Commit on Thu Jul 10 03:47:14 UTC 2025
🌱 Commit on Fri Jul 11 04:46:19 UTC 2025
🌱 Commit on Sat Jul 12 05:50:23 UTC 2025
🌱 Commit on Sun Jul 13 06:29:46 UTC 2025
🌱 Commit on Mon Jul 14 05:56:41 UTC 2025
🌱 Commit on Tue Jul 15 03:57:15 UTC 2025
🌱 Commit on Wed Jul 16 06:10:29 UTC 2025
🌱 Commit on Thu Jul 17 06:34:19 UTC 2025
🌱 Commit on Fri Jul 18 05:40:36 UTC 2025
🌱 Commit on Sat Jul 19 05:55:46 UTC 2025
🌱 Commit on Sun Jul 20 05:55:12 UTC 2025
🌱 Commit on Mon Jul 21 05:52:18 UTC 2025
🌱 Commit on Tue Jul 22 06:02:49 UTC 2025
🌱 Commit on Wed Jul 23 04:36:47 UTC 2025
🌱 Commit on Thu Jul 24 05:13:24 UTC 2025
🌱 Commit on Fri Jul 25 05:57:24 UTC 2025
🌱 Commit on Sat Jul 26 06:34:04 UTC 2025
🌱 Commit on Sun Jul 27 06:43:19 UTC 2025
🌱 Commit on Mon Jul 28 06:39:55 UTC 2025
🌱 Commit on Tue Jul 29 06:24:42 UTC 2025
🌱 Commit on Wed Jul 30 05:58:20 UTC 2025
🌱 Commit on Thu Jul 31 05:23:38 UTC 2025
🌱 Commit on Fri Aug  1 04:48:39 UTC 2025
🌱 Commit on Sat Aug  2 04:12:41 UTC 2025
🌱 Commit on Sun Aug  3 06:45:18 UTC 2025
🌱 Commit on Mon Aug  4 05:17:04 UTC 2025
🌱 Commit on Tue Aug  5 04:10:24 UTC 2025
🌱 Commit on Wed Aug  6 06:42:08 UTC 2025
🌱 Commit on Thu Aug  7 03:55:29 UTC 2025
🌱 Commit on Fri Aug  8 05:54:23 UTC 2025
🌱 Commit on Sat Aug  9 05:17:03 UTC 2025
🌱 Commit on Sun Aug 10 06:47:27 UTC 2025
🌱 Commit on Mon Aug 11 06:39:30 UTC 2025
🌱 Commit on Tue Aug 12 05:40:14 UTC 2025
🌱 Commit on Wed Aug 13 04:37:04 UTC 2025
🌱 Commit on Fri Aug 15 05:36:08 UTC 2025
🌱 Commit on Sat Aug 16 05:36:25 UTC 2025
🌱 Commit on Sun Aug 17 04:39:49 UTC 2025
🌱 Commit on Mon Aug 18 04:52:44 UTC 2025
🌱 Commit on Tue Aug 19 05:38:47 UTC 2025
🌱 Commit on Wed Aug 20 05:42:03 UTC 2025
🌱 Commit on Thu Aug 21 03:37:23 UTC 2025
🌱 Commit on Fri Aug 22 04:35:11 UTC 2025
🌱 Commit on Sat Aug 23 04:12:37 UTC 2025
🌱 Commit on Sun Aug 24 05:46:52 UTC 2025
🌱 Commit on Mon Aug 25 06:05:34 UTC 2025
🌱 Commit on Tue Aug 26 05:27:59 UTC 2025
🌱 Commit on Wed Aug 27 03:46:27 UTC 2025
🌱 Commit on Thu Aug 28 03:32:17 UTC 2025
🌱 Commit on Fri Aug 29 05:06:17 UTC 2025
🌱 Commit on Sat Aug 30 03:58:34 UTC 2025
🌱 Commit on Sun Aug 31 04:59:21 UTC 2025
🌱 Commit on Mon Sep  1 05:02:17 UTC 2025
🌱 Commit on Tue Sep  2 04:34:54 UTC 2025
🌱 Commit on Wed Sep  3 04:34:18 UTC 2025
🌱 Commit on Thu Sep  4 05:12:21 UTC 2025
🌱 Commit on Fri Sep  5 06:08:24 UTC 2025
🌱 Commit on Sat Sep  6 05:33:25 UTC 2025
🌱 Commit on Sun Sep  7 05:23:46 UTC 2025
🌱 Commit on Mon Sep  8 04:56:55 UTC 2025
🌱 Commit on Tue Sep  9 05:06:49 UTC 2025
🌱 Commit on Wed Sep 10 04:00:23 UTC 2025
🌱 Commit on Thu Sep 11 04:05:52 UTC 2025
🌱 Commit on Fri Sep 12 03:35:12 UTC 2025
🌱 Commit on Sat Sep 13 05:22:10 UTC 2025
🌱 Commit on Sun Sep 14 03:49:16 UTC 2025
🌱 Commit on Mon Sep 15 04:48:03 UTC 2025
🌱 Commit on Tue Sep 16 04:51:50 UTC 2025
🌱 Commit on Wed Sep 17 04:43:24 UTC 2025
🌱 Commit on Thu Sep 18 04:01:04 UTC 2025
🌱 Commit on Fri Sep 19 04:51:25 UTC 2025
🌱 Commit on Sat Sep 20 05:29:13 UTC 2025
🌱 Commit on Sun Sep 21 04:02:56 UTC 2025
🌱 Commit on Mon Sep 22 04:40:56 UTC 2025
🌱 Commit on Tue Sep 23 03:30:58 UTC 2025
🌱 Commit on Wed Sep 24 04:48:25 UTC 2025
🌱 Commit on Thu Sep 25 05:17:38 UTC 2025
🌱 Commit on Fri Sep 26 04:25:10 UTC 2025
🌱 Commit on Sat Sep 27 06:06:33 UTC 2025
🌱 Commit on Sun Sep 28 03:37:42 UTC 2025
🌱 Commit on Mon Sep 29 03:43:46 UTC 2025
🌱 Commit on Tue Sep 30 06:08:59 UTC 2025
🌱 Commit on Wed Oct  1 05:30:04 UTC 2025
🌱 Commit on Thu Oct  2 05:46:45 UTC 2025
🌱 Commit on Fri Oct  3 03:26:24 UTC 2025
🌱 Commit on Sat Oct  4 03:05:07 UTC 2025
🌱 Commit on Sun Oct  5 05:05:17 UTC 2025
🌱 Commit on Mon Oct  6 06:22:07 UTC 2025
🌱 Commit on Tue Oct  7 04:47:19 UTC 2025
🌱 Commit on Wed Oct  8 05:37:15 UTC 2025
🌱 Commit on Thu Oct  9 04:53:14 UTC 2025
🌱 Commit on Fri Oct 10 03:13:24 UTC 2025
🌱 Commit on Sat Oct 11 03:59:22 UTC 2025
🌱 Commit on Sun Oct 12 05:59:04 UTC 2025
🌱 Commit on Mon Oct 13 04:18:35 UTC 2025
🌱 Commit on Tue Oct 14 05:00:46 UTC 2025
🌱 Commit on Wed Oct 15 05:51:28 UTC 2025
🌱 Commit on Thu Oct 16 05:44:52 UTC 2025
🌱 Commit on Fri Oct 17 03:38:03 UTC 2025
🌱 Commit on Sat Oct 18 05:56:42 UTC 2025
🌱 Commit on Sun Oct 19 05:14:41 UTC 2025
🌱 Commit on Mon Oct 20 05:09:46 UTC 2025
🌱 Commit on Tue Oct 21 04:35:58 UTC 2025
🌱 Commit on Wed Oct 22 03:32:17 UTC 2025
🌱 Commit on Thu Oct 23 03:42:49 UTC 2025
🌱 Commit on Fri Oct 24 03:35:51 UTC 2025
🌱 Commit on Sat Oct 25 04:22:51 UTC 2025
🌱 Commit on Sun Oct 26 06:27:01 UTC 2025
🌱 Commit on Mon Oct 27 05:37:50 UTC 2025
🌱 Commit on Tue Oct 28 05:24:46 UTC 2025
🌱 Commit on Wed Oct 29 04:22:48 UTC 2025
🌱 Commit on Thu Oct 30 06:13:34 UTC 2025
🌱 Commit on Fri Oct 31 05:42:42 UTC 2025
🌱 Commit on Sat Nov  1 03:59:05 UTC 2025
🌱 Commit on Sun Nov  2 05:56:20 UTC 2025
🌱 Commit on Mon Nov  3 04:56:50 UTC 2025
🌱 Commit on Tue Nov  4 05:39:05 UTC 2025
🌱 Commit on Wed Nov  5 05:44:10 UTC 2025
🌱 Commit on Thu Nov  6 05:49:20 UTC 2025
🌱 Commit on Fri Nov  7 03:49:08 UTC 2025
🌱 Commit on Sat Nov  8 05:09:38 UTC 2025
🌱 Commit on Sun Nov  9 04:50:31 UTC 2025
🌱 Commit on Mon Nov 10 06:36:09 UTC 2025
🌱 Commit on Tue Nov 11 05:31:09 UTC 2025
🌱 Commit on Wed Nov 12 04:05:12 UTC 2025
🌱 Commit on Thu Nov 13 05:51:39 UTC 2025
🌱 Commit on Fri Nov 14 03:58:22 UTC 2025
🌱 Commit on Sat Nov 15 03:56:27 UTC 2025
🌱 Commit on Sun Nov 16 04:17:54 UTC 2025
🌱 Commit on Mon Nov 17 06:05:06 UTC 2025
🌱 Commit on Tue Nov 18 05:08:05 UTC 2025
🌱 Commit on Wed Nov 19 04:47:13 UTC 2025
🌱 Commit on Thu Nov 20 05:32:56 UTC 2025
🌱 Commit on Fri Nov 21 04:14:20 UTC 2025
🌱 Commit on Sat Nov 22 04:40:36 UTC 2025
🌱 Commit on Sun Nov 23 06:11:38 UTC 2025
🌱 Commit on Mon Nov 24 05:59:37 UTC 2025
🌱 Commit on Tue Nov 25 06:33:55 UTC 2025
🌱 Commit on Wed Nov 26 05:56:32 UTC 2025
🌱 Commit on Thu Nov 27 03:42:24 UTC 2025
🌱 Commit on Fri Nov 28 06:27:16 UTC 2025
🌱 Commit on Sat Nov 29 03:41:25 UTC 2025
🌱 Commit on Sun Nov 30 05:16:30 UTC 2025
🌱 Commit on Mon Dec  1 05:58:08 UTC 2025
🌱 Commit on Tue Dec  2 04:02:59 UTC 2025
🌱 Commit on Wed Dec  3 05:55:55 UTC 2025
🌱 Commit on Thu Dec  4 05:00:39 UTC 2025
🌱 Commit on Fri Dec  5 05:20:36 UTC 2025
🌱 Commit on Sat Dec  6 06:04:56 UTC 2025
🌱 Commit on Sun Dec  7 04:40:58 UTC 2025
🌱 Commit on Mon Dec  8 06:26:16 UTC 2025
🌱 Commit on Tue Dec  9 05:26:49 UTC 2025
🌱 Commit on Wed Dec 10 06:05:40 UTC 2025
🌱 Commit on Thu Dec 11 05:21:14 UTC 2025
🌱 Commit on Fri Dec 12 04:01:02 UTC 2025
🌱 Commit on Sat Dec 13 06:28:19 UTC 2025
🌱 Commit on Sun Dec 14 04:20:43 UTC 2025
🌱 Commit on Mon Dec 15 05:42:46 UTC 2025
🌱 Commit on Tue Dec 16 06:31:06 UTC 2025
🌱 Commit on Wed Dec 17 05:19:48 UTC 2025
🌱 Commit on Thu Dec 18 05:26:36 UTC 2025
🌱 Commit on Fri Dec 19 04:40:47 UTC 2025
🌱 Commit on Sat Dec 20 04:22:07 UTC 2025
🌱 Commit on Sun Dec 21 05:17:57 UTC 2025
🌱 Commit on Mon Dec 22 04:09:50 UTC 2025
🌱 Commit on Tue Dec 23 05:15:45 UTC 2025
🌱 Commit on Wed Dec 24 05:51:43 UTC 2025
🌱 Commit on Thu Dec 25 06:14:01 UTC 2025
🌱 Commit on Fri Dec 26 05:55:05 UTC 2025
🌱 Commit on Sat Dec 27 05:52:39 UTC 2025
🌱 Commit on Sun Dec 28 05:00:57 UTC 2025
🌱 Commit on Mon Dec 29 06:56:38 UTC 2025
🌱 Commit on Tue Dec 30 05:38:52 UTC 2025
🌱 Commit on Wed Dec 31 03:49:35 UTC 2025
🌱 Commit on Thu Jan  1 04:37:30 UTC 2026
🌱 Commit on Fri Jan  2 04:41:31 UTC 2026
🌱 Commit on Sat Jan  3 05:26:57 UTC 2026
🌱 Commit on Sun Jan  4 05:15:32 UTC 2026
🌱 Commit on Mon Jan  5 05:09:00 UTC 2026
🌱 Commit on Tue Jan  6 03:56:17 UTC 2026
🌱 Commit on Wed Jan  7 06:41:41 UTC 2026
🌱 Commit on Thu Jan  8 06:25:04 UTC 2026
🌱 Commit on Fri Jan  9 06:05:21 UTC 2026
🌱 Commit on Sat Jan 10 04:13:43 UTC 2026
🌱 Commit on Sun Jan 11 04:55:32 UTC 2026
🌱 Commit on Mon Jan 12 04:17:10 UTC 2026
🌱 Commit on Tue Jan 13 06:44:03 UTC 2026
🌱 Commit on Wed Jan 14 05:19:55 UTC 2026
🌱 Commit on Thu Jan 15 05:24:59 UTC 2026
🌱 Commit on Fri Jan 16 06:44:35 UTC 2026
🌱 Commit on Sat Jan 17 05:47:02 UTC 2026
🌱 Commit on Sun Jan 18 04:24:10 UTC 2026
🌱 Commit on Mon Jan 19 05:19:01 UTC 2026
🌱 Commit on Tue Jan 20 04:14:12 UTC 2026
🌱 Commit on Wed Jan 21 05:22:45 UTC 2026
🌱 Commit on Thu Jan 22 05:00:21 UTC 2026
🌱 Commit on Fri Jan 23 06:36:27 UTC 2026
